name,country,sport,height
Katherine Gould,3,2,1.65
Mitchell Morrison,2,3,1.99
Lisa Garza,3,1,1.75
Nancy Kaufman,4,2,1.87
Lauren Carroll,4,1,1.62
Anthony Contreras,1,2,1.7
Sherry Arellano,1,2,2.06
Kara Doyle,2,1,1.67
Terry Dalton,1,3,2.18
Mr. David Hernandez,1,1,1.58
Amber Terry,1,2,1.91
Linda Johnson,1,3,2.1
Crystal Russell,3,2,1.92
Lisa Taylor,3,3,2.07
Christopher Hobbs,3,2,1.84
Dr. Jane Clark,2,1,1.91
Brenda Chandler,2,3,1.79
Cindy Sandoval,4,1,1.61
Christopher Wood,4,2,1.89
Alison Rodgers,2,2,1.8
Michael Werner,2,3,1.98
Jermaine Moreno,2,3,2.01
Nathan Wood,3,3,2.01
Elizabeth Lambert,2,2,1.88
Rachel Turner,1,3,1.94
Amber Parker,4,3,2.23
Cody Valdez,2,3,2.02
Jessica Meza,4,3,1.96
Joshua Sanders,1,2,1.66
Adam Moore,2,2,1.78
Tammy Mitchell,1,2,1.92
Tammy Fuller,1,3,2.14
Brooke Wagner,4,3,2.17
Mitchell Odom,3,2,2.06
Jeremy Lopez,4,1,1.68
Jeffrey James,1,3,1.99
Cassie Brock,1,1,1.75
Allison Thomas,1,3,1.81
Brian Cortez,1,3,2.08
Michael Eaton,4,3,1.96
Miss Monica Mclaughlin,1,1,1.79
James Caldwell DDS,2,1,1.77
Jessica Williams,1,2,1.92
Marc Tyler,1,3,2.16
Sandra Washington,4,1,1.8
Michelle Singleton,1,2,2.1
Ray Schultz,1,3,2.15
Angela Ross,2,3,2.21
Michael Harris,1,1,1.68
Steve French MD,1,1,1.68
Melvin Shaw,4,2,1.99
Brian Parrish,1,3,2.25
Steven Weiss,1,1,1.63
Barry Warren,2,3,1.91
Samuel Sanchez,3,1,1.69
Christopher Thomas,1,2,2.09
Allison Hardin,2,2,1.83
Savannah Rodriguez,1,1,1.8
Benjamin Bishop,1,2,1.81
Krista Knight,1,3,2.14
Lisa Harrison PhD,4,1,1.5
Michele Jennings,1,2,2.02
Michelle Odonnell DDS,1,2,1.76
Eric Francis,1,2,1.9
Jonathan Cunningham,1,2,1.86
Jessica Benson,4,1,1.68
Walter Lewis,1,3,1.92
Tina Santana,2,1,1.62
William Reese,2,2,2.01
Raymond Smith,1,2,1.82
Samuel Bowman,1,2,1.78
James Turner,3,3,1.69
Autumn Carr,1,2,1.74
Ashley Robinson,4,1,1.75
Robert Williams,2,1,1.68
Jillian Howard,1,3,2.15
James Gonzalez,2,1,1.8
Wendy Johnson,4,2,1.75
Tammy Nguyen,1,2,1.89
William Walker,3,2,1.99
Robert Day,1,1,1.65
Holly Johnson,1,2,1.93
Robert Campbell,1,2,1.87
Tonya Thomas,1,2,2.06
Monica Adams,2,1,1.79
Philip Gill,1,1,1.59
Jacqueline Price,2,1,1.71
Edwin Johnson,4,1,1.62
Amanda Marshall,3,1,1.79
Stephen Parsons,1,2,2.05
Selena Davis,1,3,1.91
Craig Ochoa,1,3,1.96
Eric Morales,1,3,1.76
Erin Gomez,1,2,1.87
Alan Sanders,4,1,1.66
Dana Wilson,3,3,1.94
Jonathan Cruz,4,1,1.89
Tracy Martin,1,3,1.87
Susan Higgins,1,1,1.66
Michelle White,1,1,1.58
Jacqueline Baker,1,3,2.15
Ronald Robinson,4,3,1.83
Mary Johnson,1,3,1.89
Anthony Chapman,1,1,1.84
Sherry Hines,4,1,1.54
Robin Hall,1,1,1.77
Cynthia Barajas,1,1,1.81
Casey Thomas,1,1,1.72
Christopher Manning,2,1,1.71
Troy Perez,1,3,1.86
Stacy Farmer,1,1,1.5
Jennifer Young,1,3,1.91
Joseph Riddle MD,1,3,2.27
Mark Fields,1,2,1.94
Dr. Dominique Hughes,1,1,1.6
John Jimenez,1,1,1.75
Cheryl Gibson,2,3,2.14
Robert Andrews,2,1,1.73
Amanda Hill,1,1,1.67
Alex Beltran,3,3,2.02
Steven Coleman,4,1,1.91
Joseph Brown,1,2,2.09
Sean Silva,1,2,2.05
Linda Martin,3,3,2.07
Debra Hernandez,1,1,1.77
Matthew Bauer,1,1,1.81
Tonya Stone,2,2,1.81
Tyler Lawrence,1,3,2.08
Alicia Rogers,1,1,1.67
Amanda Harvey,1,1,1.72
Margaret Gomez,1,2,1.7
Tonya Taylor,4,2,1.72
Julie Hunter MD,4,2,1.92
Richard Brown,3,3,1.89
Deborah Dixon,2,3,1.98
Marissa Tate,1,2,1.92
Jeremiah Bowers,1,1,1.74
Haley Doyle,1,2,1.77
Brooke Perkins,2,2,2.05
George Burns,2,1,1.66
Joan Parker,1,3,2.13
Jason Dyer,2,2,1.92
Kimberly Williams,1,1,1.67
Kenneth Harris,1,1,1.65
Connor Robbins,1,2,1.7
Mark Chen,3,3,1.98
Tammy Joseph,3,2,1.68
Kenneth Olson,3,1,1.64
Madison Mathis,2,1,1.8
John Brown,3,1,1.74
Vicki Baldwin,2,3,2.08
Jodi Sosa,1,1,1.79
Kristen Myers,1,1,1.69
Alicia Howard,2,3,1.88
Matthew Baxter,2,2,2.02
Louis Johnson,1,1,1.68
Kathy Edwards,2,1,1.78
Christine Hansen,1,2,1.95
Brittney Anderson,2,2,1.72
Natalie Kim MD,3,3,2.22
Leslie Kerr,1,2,2.01
Tonya Herman,2,1,1.68
Melanie Hunt,1,2,1.78
Vincent Powell,1,1,1.65
Mandy Murphy,1,2,1.97
Kenneth Sanford,1,3,1.97
Bruce Bernard,3,1,1.66
Matthew Stanley,1,3,2.23
Tyler Jones,3,1,1.86
John Estrada,1,3,2.09
Sheryl Beasley,1,2,1.83
Christopher Bell,2,1,1.52
Mark Mckinney,1,3,1.96
Richard Rice,3,3,2.23
Amy Medina,1,1,1.63
James Rodriguez II,1,2,2.07
Jaclyn Taylor,2,3,1.99
Alicia Jones,1,3,2.13
Sherry Bowman,2,3,1.88
Jasmine Bishop,3,1,1.59
Amanda Burgess,1,1,1.67
Heather Clark,4,2,1.94
Timothy Davis,1,2,1.86
Jessica Chapman,2,1,1.5
Bob Scott,2,1,1.61
Melissa Jackson,1,2,1.99
David Conway,1,3,2.14
Samuel Yang,3,2,1.98
Karen Barton,4,2,1.9
Nicholas Baker,1,1,1.84
Thomas Bennett,3,2,1.94
Chris Moore,4,3,2.18
Debbie Hamilton,1,1,1.73
Robert Wilson,1,3,2.01
Michael Chambers,1,1,1.84
Daniel Norris,1,3,1.89
Christina Peterson,3,3,1.92
Christine Ibarra,1,3,2.0
Nathaniel Woodward,1,3,1.92
Kimberly Bishop,1,3,1.92
Traci Jones,1,3,2.04
Michael Wheeler,3,3,1.97
Annette Brown,4,1,1.7
Robert Evans,1,3,2.16
Lisa Harper,4,2,1.97
Alicia Gibbs,2,3,1.81
Dennis White,2,3,2.22
Cody Huber,1,1,1.63
Nicholas Roth,1,2,1.89
Jessica Smith,4,3,1.82
Andrew Scott,2,2,1.88
Justin Odom,3,2,1.75
Sierra Simon,2,2,1.87
Caroline Johnson,4,2,2.18
Amy Reid,1,1,1.75
Casey Leon,1,3,2.14
Brian Arroyo,2,2,1.89
Ryan Bryan,3,2,1.98
Christian Scott,1,1,1.52
Mary Galloway,1,3,1.98
Frank Mason,1,3,1.96
John Valdez,1,3,2.04
Deanna Cortez,1,1,1.87
Mary Ward,3,2,1.98
Sara Hill,1,3,2.09
Frances Chapman,2,2,1.76
Kristy Evans,1,2,1.78
Donna Jackson,1,3,1.9
Rebecca Johnson,3,2,1.91
Michael Smith,2,2,1.75
Katherine Nguyen,2,3,1.96
Neil Thompson,1,3,1.89
Larry Key,1,2,1.75
Heather Guzman,1,1,1.62
Ronald Galloway,1,1,1.54
Mary Davidson,2,2,1.8
Gerald Ramos,1,3,1.92
Dennis Johnson,2,1,1.5
Christina Todd PhD,1,3,2.01
Patricia Franklin,1,1,1.5
Jason Trujillo,1,2,1.83
Shelley Andrews,3,2,2.03
Amanda Harrison,1,1,1.56
Stephanie Solomon,4,2,1.92
Nicole Bishop,3,3,1.96
Victor Cooper,2,2,2.21
Andrew Jimenez,1,1,1.66
Rebecca Garcia,3,2,2.06
Joyce Murphy,1,1,1.63
Veronica Randall,1,2,1.74
Kimberly Garcia,1,1,1.71
Erika Moore,1,1,1.5
Stephen Kennedy MD,2,3,1.91
Darrell Graham,3,3,1.95
William Lin,1,3,2.05
Stacey Duran,1,1,1.72
Sarah Ruiz,1,3,2.14
Amy Hutchinson,2,2,2.25
Tyrone Matthews,1,2,2.03
Vincent Nguyen,2,1,1.91
John Holder,1,1,1.74
Ryan Logan,1,2,1.76
Margaret Cabrera,2,2,1.88
Erin York,1,2,1.84
Nicholas Haney,1,2,1.85
Meghan Hoover,3,1,1.5
Travis Lewis,3,2,1.99
Kristin Williams,2,3,1.84
Carla Rogers,1,1,1.67
Dawn Howard,2,3,1.99
Kari Burns,1,3,2.02
Matthew Berger,2,2,2.06
Melissa Hays,1,3,1.89
Jerry Fields,1,3,2.21
Vicki Bradford,1,1,1.68
Sean Smith,1,2,1.92
Pamela Hernandez,1,1,1.64
Samuel Green,1,3,1.99
Alice Smith,1,2,1.8
Brittany Carrillo,2,3,2.05
Steven Maldonado,1,1,1.73
Kelly Moore,1,1,1.5
Patrick Brown,1,3,2.23
Laurie Cohen,3,2,2.01
Duane Norton,1,1,1.7
Kara Rogers,1,1,1.67
Donald Neal,4,3,2.3
Kendra Pratt,2,3,2.01
Melissa Guzman,4,2,1.82
Anne Patel,4,2,1.75
Matthew Holt,2,2,1.82
Elizabeth Kelly,1,2,1.9
Paul Cruz,1,1,1.61
Benjamin Spencer,3,3,1.9
Heather Cowan,2,1,1.61
Mark Price,4,1,1.59
Timothy Powers,3,1,1.67
Patricia Valenzuela,1,1,1.8
Lisa Hicks,1,1,1.73
Robin Harris,2,3,2.04
William Mills,2,2,2.01
David Matthews,1,3,2.1
Alexandra Daniels,1,2,1.96
Kathryn Montes,1,2,1.8
Nicole Thompson,1,3,1.89
Roger Foster PhD,1,1,1.84
Whitney Cook,1,2,1.58
Edward Walsh,1,1,1.87
Elizabeth Estrada,1,2,1.89
Alexandra Atkinson,2,2,2.07
Gabriel Davidson,1,1,1.64
Margaret Hayes,4,2,1.85
Diane Martin,1,1,1.79
Karl Cantu,1,3,1.99
Norman Ramsey,2,1,1.74
Teresa Murray,1,3,2.13
David Pope,1,2,1.75
Eric Davis,1,2,2.09
William Sanchez,1,2,1.99
Kyle Wheeler,3,3,2.06
John Palmer IV,2,3,2.22
Lori Williams,1,3,2.22
Richard Friedman,1,3,1.83
Jill Davis,2,2,1.74
Nicholas Brooks DDS,1,2,1.96
Tara Marshall,1,2,1.7
April Hancock,1,3,2.19
John Austin,2,1,1.68
Zachary Savage,1,2,1.89
Anita Lopez,4,3,2.07
Daniel Daniels,3,3,1.83
Jacob Young,1,1,1.67
Timothy Clark,1,3,1.84
Cassandra Pierce,1,1,1.57
Steven Carr,2,3,2.0
Gary Singh,4,3,2.0
Zachary Hall,1,1,1.76
Angel Marsh,1,3,1.97
Gregory Green,1,3,2.22
Samantha Mcpherson,2,3,1.9
Jeremy Mckee,4,2,1.94
Adam Figueroa,3,3,2.07
Carrie Curtis,2,2,1.83
Wyatt Mitchell,1,2,2.04
Sean Huffman,1,2,1.64
Amy Romero,4,1,1.59
William Nixon,4,1,1.65
Andrew Roberts,2,2,1.67
Alexis Anderson,1,1,1.63
Douglas Ferguson,4,1,1.67
Steven Johnson,4,2,1.95
Mr. Sean Stevens,2,3,1.81
Kevin Smith,1,2,1.85
Andrew Woods,2,1,1.81
Bradley Johnson,1,1,1.7
Ashley Carter,1,3,2.05
Micheal Acosta,1,2,1.58
Kimberly Mccullough,1,2,1.78
Anthony Oneal,1,1,1.75
Jenny Dodson,1,1,1.76
Katherine Haynes,1,1,1.72
Sara Martin,4,3,2.04
David Burnett,3,1,1.9
Michelle Sanders,2,1,1.55
Ricardo Hahn,2,3,2.22
Jennifer Barrett,1,3,1.81
Crystal Richardson,2,1,1.63
Tracey Hawkins,1,3,1.92
Jennifer Cruz,1,1,1.8
Ryan Garner,1,3,2.1
Sandy Williams,1,2,1.83
Regina White,1,2,2.07
Shawn Warren,1,2,1.89
Paul Johnson,1,1,1.73
Jeffrey Martin,2,2,2.03
Douglas Taylor,2,3,2.06
Isaac Martinez,2,3,2.23
Kimberly Frye,3,2,1.82
Ryan Thompson,1,3,2.21
Tina Andrade,2,1,1.61
Tracey Lindsey,3,2,1.83
Stephen Evans,1,1,1.8
Dustin Gray,3,1,1.75
Barbara Bolton DVM,4,2,1.9
Jacob Stark,1,2,1.9
Drew Jones,4,1,1.81
Bruce Miller,4,2,1.91
Cody Peck,1,2,1.85
Nicholas Brown,3,3,1.89
Tammy Pearson,1,2,1.86
Adam Williams,2,2,1.88
Frank Roberts,4,3,2.19
Rodney Anderson,1,2,2.1
Jessica Espinoza,1,3,2.07
Eric Gaines,2,2,1.86
Karen Gilbert,1,3,1.98
Lisa Harvey,1,2,1.66
Christopher Harris,2,3,2.08
James Anthony,1,3,2.09
Emma Harrington,2,1,1.64
Michelle Flynn,3,1,1.76
Crystal Young,3,1,1.8
Lindsay Hunter,4,3,2.06
Erika Reyes,4,1,1.79
Caroline Briggs,1,2,1.74
Jim Lewis,4,2,1.86
Sarah Clarke,1,3,2.17
Elizabeth Nunez,1,3,1.96
Alexandra Gray,3,3,2.21
Kristen Browning,3,2,1.72
Veronica Wood,2,1,1.74
Beth Walsh,1,3,2.01
Lawrence Michael,2,3,2.1
Kenneth Norris,2,2,1.93
Christopher Bird,2,3,1.91
Megan Price,4,3,2.26
Dr. Tracy Greer,1,1,1.7
Peter Patterson,2,2,1.93
Angela Sanders,1,2,2.03
David Hall,1,3,1.9
Patricia Graham,1,2,1.81
Marie Gonzales,1,2,1.96
Lori Li,2,3,1.69
Ricky Mullins,1,1,1.69
Kristopher Mcpherson,1,1,1.76
Kari Flores,1,1,1.74
Julia Kemp,4,1,1.68
Brianna Ingram,1,1,1.82
Gregory Harrison,1,2,1.77
Carol Jackson,2,1,1.58
Aaron Roberson,4,3,1.99
Alyssa Serrano,4,2,1.78
Shannon Lawrence,1,2,1.97
Jennifer Collins,1,3,1.94
Jeremiah Gutierrez,4,2,1.96
Carly Long,1,1,1.6
Jerry Watson,1,3,1.89
Russell Duke,1,2,1.67
Melissa Nixon,2,2,2.01
Patricia Conley,2,3,2.07
Shannon Wright,3,1,1.86
Laura Turner,3,2,1.85
Michael Gallegos,2,1,1.83
Bryan Richards,3,2,2.08
Luis Mclaughlin,3,2,1.72
Timothy Hoffman,2,1,1.97
Rebekah Ward,3,2,1.92
Cameron Ryan,4,3,2.22
Kimberly Lopez,2,3,2.21
Mark Webb MD,3,3,2.27
Anthony Anderson,1,3,1.96
Michael Johnson,1,3,1.99
Julie Hoffman,1,2,2.03
Amy Warren,2,2,1.99
Abigail Hendricks,1,2,1.78
Monica Roberts,2,2,1.91
Rebecca Russell,1,1,1.74
Samantha Mitchell,1,3,2.04
James Vasquez,1,3,1.97
Carlos Williams,1,1,1.65
Jessica Barnett,1,2,1.67
Lisa Woods,1,3,1.81
David Martin,1,1,1.67
Ronald Frey,2,2,2.1
William Walsh,1,2,1.7
Renee Wilson,2,3,1.91
Kellie Hanna,1,1,1.94
John Adams,2,3,2.18
Mr. Nicholas Collins,2,1,1.8
Heather Rose MD,1,3,2.04
Francis Howard,1,1,1.67
Scott Brandt,2,1,1.61
Monica Soto,2,2,1.92
Natalie Chapman,1,2,1.86
Leonard Brown,1,3,1.99
Pamela Mays,4,3,2.19
Leslie Benjamin,3,2,1.95
John Cortez,3,1,1.79
Thomas Rogers,4,3,1.71
Andrew Bryant,1,1,1.8
Jason Bruce,4,3,2.18
Michelle Garcia,2,1,1.65
Kevin Harris,2,1,1.61
Dylan Morrow,1,3,2.16
Megan Green,1,2,1.87
Christopher Gillespie,1,2,1.75
Mrs. Melissa Carpenter PhD,1,3,2.11
Mary Perez,4,2,1.71
Thomas Dunlap,2,3,2.01
Ashley Cook,3,2,1.84
Donna Russell DDS,1,1,1.84
Paul Moore,2,1,1.8
Jason Keller,3,1,1.8
Elizabeth Norton,3,2,1.84
Troy Flowers,4,1,1.6
Matthew Buchanan,1,1,1.82
Matthew Young,1,2,1.8
Amber Guerra,1,3,2.08
David Olson,1,2,1.64
Sarah Bowman,1,2,1.92
Patrick Adams,2,3,2.13
Benjamin Williams,4,1,1.59
Jennifer Fisher,1,3,2.15
Kenneth Huerta,3,1,1.65
Gabriel Avery,2,3,1.98
Jonathan Jackson,2,2,1.94
Zachary Ellis,2,3,2.06
Tonya Thompson,1,3,2.02
Gary Sandoval,2,2,1.96
Jeffrey Nelson,1,3,1.99
Sarah Mcgrath,2,1,1.7
Karen Payne MD,1,1,1.62
Mrs. Erin Taylor,1,2,1.88
Christina Rush,1,3,2.02
Lisa Bauer,4,3,2.0
Rhonda Faulkner,1,1,1.72
Kevin Sparks,4,3,2.13
Amanda Nichols,1,2,2.01
Emily Medina,1,1,1.76
Aaron Medina,1,3,1.96
Samuel Scott III,1,2,1.73
Ashley Garrett,1,3,1.98
Erin Chambers,1,3,1.7
Jordan Bell,2,2,1.87
Dennis Coleman,4,1,1.91
Amy Sanders,1,3,2.11
Steve White,1,1,1.75
James Robbins,2,1,1.73
Victoria Cunningham,1,1,1.61
Natalie Dickerson,1,3,1.83
Matthew Garza,1,2,2.06
Kevin Massey,1,3,2.08
Joseph Watson,2,1,1.65
Matthew Gonzalez,1,3,1.86
Chris Zimmerman,4,2,1.73
Sean Murray,1,2,2.03
Rebecca Long,4,2,1.95
Christopher Summers,1,2,1.81
Sherry Jimenez,1,2,1.73
Tyler Baker,4,3,2.05
Travis Campbell,1,2,1.58
Reginald Davis,2,1,1.72
Dana Wilson DDS,2,2,1.89
Stacey Ross,1,2,2.09
Jeremiah Miller,2,2,1.82
Lisa Torres,1,3,1.99
Amanda Myers,3,1,1.86
Kristen Coleman,2,1,1.67
Stacey Joseph,2,3,2.09
Jaclyn Cook,4,3,2.01
Eric Randall,4,2,1.85
Rebekah Benson,1,3,2.3
Claire Smith,1,3,2.25
Dominique Brown,1,3,2.16
Kyle Hinton,1,3,2.01
John Schmidt,3,3,2.16
Ashley Perkins,2,1,1.63
Tyler Proctor,2,1,1.55
Steven Fisher,3,3,1.99
Joel Abbott PhD,4,1,1.94
Denise Blanchard,2,1,1.58
Miss Casey Stevens DDS,1,3,1.94
Ashley Francis,2,3,1.96
Joshua Mullins,4,3,2.09
Robert Jackson,1,2,1.97
Elizabeth Davis,2,3,1.99
Diana Ryan,3,3,1.92
Joseph Mcdaniel,4,3,1.99
Kelsey Nelson,2,1,1.57
Kathleen Matthews,1,1,1.5
Erin Ramirez,1,3,1.95
Rebecca Elliott,1,3,1.97
Susan Turner,3,1,1.81
Amanda Brown,1,3,2.28
Linda Lane,1,2,1.81
Dr. Amy Ferguson,1,2,2.09
Yvonne Brown,1,2,1.9
John Anderson,1,1,1.82
Krista Meyers,4,3,2.07
Stephen Padilla,1,3,2.0
Dawn Yu,1,2,2.11
Daniel Butler,1,3,2.01
Samuel Johnston,1,1,1.71
Gina Wilson,1,1,1.72
David Watkins,1,3,2.08
Jacqueline Johnson,1,1,1.99
Sandra Mason,2,2,1.68
Thomas Nelson,1,2,1.9
Kristen Dennis,2,3,1.89
Connie Mack,2,1,1.5
Michael Washington,2,1,1.7
Richard Cunningham,1,1,1.55
Eric Garcia,3,1,1.98
Lori Reyes,1,3,2.11
Daniel Nash,1,2,2.05
Patricia Huerta,1,3,2.0
Mitchell Mcmillan,1,2,1.66
Lindsay Anderson,4,1,1.58
Virginia Jones,1,2,2.05
Maria Wolfe,2,2,1.75
Jennifer Anderson,2,2,1.83
Michael Jacobson,2,2,1.88
Stacy Duran,1,2,1.59
Jeffrey Roth,1,2,1.92
Mary Allen,2,1,1.92
Joshua Rowe,1,2,1.77
Julie Reese,2,2,1.82
Derek Horne,1,1,1.72
Maria Ingram,4,1,1.76
Cody Davies,1,3,1.96
Lauren Jacobson,2,1,1.81
Meghan Schroeder,2,2,1.96
Amber King,1,1,1.77
Eric Tucker,1,1,1.72
Danny Brown,1,1,1.84
Karen Jones,1,2,1.78
Betty Castro,1,3,1.87
Billy Bartlett,1,1,1.66
Jackie Sparks,1,1,1.73
Jennifer Mcconnell,1,3,2.15
Robert Jordan,1,3,2.0
Sarah Smith,3,2,1.77
Chelsea Deleon,3,1,1.76
Heather Logan,1,3,1.99
Lindsay Hill,1,1,1.53
Mrs. Barbara Cruz DVM,1,1,1.66
Mr. Brandon Simmons,1,2,1.96
Patricia Young,4,3,2.09
David Navarro,1,1,1.66
Wendy Owens,1,3,1.94
Dr. Michele Dixon,4,1,1.8
Jamie Murray,2,3,1.98
Wendy Knight,1,3,1.99
Lauren Peterson MD,1,2,1.9
Seth Wilkinson,1,3,1.86
Lisa Reeves,2,1,1.8
Nicole Rhodes,2,1,1.74
Jennifer Lewis,1,1,1.8
Joseph Bell,1,3,2.15
Anita Anthony,4,3,2.02
Zachary Franklin,3,1,1.5
Ashley Campos,2,2,1.75
Justin Le,1,3,1.91
Lindsay Woods,2,2,1.85
Gina Smith,1,2,1.74
Keith Reeves,1,1,1.85
Joseph Huffman,1,3,2.1
Dr. Tony Ortega,1,1,1.58
Suzanne Manning DDS,1,1,1.64
Sheena Bruce,1,1,1.77
Stacey Brown,1,1,1.72
Rodney Smith,1,1,1.79
Christopher Terry,2,2,2.01
Deanna Odom,3,2,1.82
Robert Hill,1,2,1.91
Todd Bryan,1,1,1.79
Jennifer Taylor,1,2,1.89
Adam Burns,2,1,1.64
Amber Harper,1,1,1.63
Sarah Jones,3,3,1.74
Marilyn Rivera,1,3,1.83
Shawn Johnson,2,2,2.06
Brooke Nguyen,1,3,2.13
Dawn Donaldson,3,2,1.85
Charles Rodriguez,1,2,1.89
Mary Tate,1,3,2.05
Jonathan Valdez,3,2,1.97
Taylor Parker,1,2,1.86
Curtis Diaz,3,2,2.07
Kristopher Thompson,1,1,1.68
Lisa Nichols,1,2,1.72
Allen Potter,1,1,2.02
Frances Perez,1,1,1.77
Michael Mcbride,2,3,1.94
Michelle Adams,1,3,1.98
Robert Walker,1,1,1.8
Michael Johnson,1,3,2.07
Heather Hale,2,2,1.87
Lacey Vance DDS,2,1,1.91
Gloria Harris DDS,1,2,2.14
Kevin Brown,1,1,1.81
Tammy Ortiz,1,1,1.78
Jessica Moore,1,3,2.21
Robert Johnson,2,1,1.81
Daniel Graham,1,3,2.02
Tyler Ortiz,1,1,1.73
Mr. Gregory Briggs,1,1,1.52
Timothy Cook,2,1,1.73
Gregory Conner,1,1,1.76
Jennifer Santos,2,1,1.62
Michael Gonzalez,1,2,1.84
Suzanne Smith,1,2,1.9
Sherri Manning,1,1,1.84
Joy Lee,3,1,1.5
Emily Campbell,1,2,1.96
Dakota Smith,4,2,1.58
Shannon Sparks,1,1,1.72
Scott Smith,1,2,1.96
Jessica Cummings,1,3,1.69
Joseph Young,1,3,2.11
Jacqueline Murphy,1,1,1.74
Brenda Stone,2,1,1.8
Michael Eaton,4,3,2.09
Eric Butler,2,3,2.16
Samantha Coleman,1,1,1.79
Michael Cole,1,2,1.94
Erin Brown,2,1,1.96
Steven Armstrong,2,1,1.79
Kristin Wheeler,1,1,1.67
Peter Shields,1,3,2.05
Mark Miller,3,2,1.89
Tyler Green,1,3,2.07
Joseph Curtis,2,3,1.97
Karen Robinson,2,3,2.02
Mark Reeves,1,3,2.04
Joshua Ruiz,2,2,1.89
Amy Hoffman,4,1,1.8
Joseph Love,1,1,1.73
Lisa Jenkins,2,2,1.93
Jose Ayers,1,1,1.65
Crystal Grant,2,2,1.96
Michael Hahn,1,3,2.13
Spencer Brown,1,3,2.15
Leslie Payne,4,3,2.06
Shawn Foster,1,1,1.67
Debbie Townsend,2,2,1.77
Yvonne Davis,1,2,1.74
Ricky Carter,1,3,1.77
Daisy Yu,4,1,1.66
Ricky Allen,1,2,1.92
Aaron Mccullough,1,1,1.75
Robert Campbell,2,3,2.0
James Taylor,3,1,1.61
Nicole Willis,1,2,1.91
Dr. Elizabeth Robinson MD,1,3,1.92
Karen Rice,1,3,2.05
Mark Clark,2,3,1.84
Darrell Romero,3,2,1.95
Theresa Johnson,2,2,1.9
Lauren Reynolds,1,2,1.82
Anthony Castro,2,2,1.86
Dawn Warren,1,3,1.99
Wesley Howell,1,1,1.64
Michelle Parker,1,2,2.1
Joseph Gutierrez,3,1,1.67
Juan Gilbert,1,1,1.5
Brittany Mclean,3,1,1.8
Sara Riley,2,3,2.14
Jessica Crawford,4,1,1.79
Yolanda Mitchell,1,3,1.87
Jessica Schmidt,1,3,1.92
Cheyenne Nelson,1,1,1.53
Dr. Jennifer Carter,2,1,1.68
Jonathan Gonzalez,1,2,2.05
Gregory Reynolds,2,1,1.78
Sean Peters,1,3,2.14
Cindy Atkinson,1,2,1.78
Linda Benitez,1,2,1.86
Jade Gonzalez,1,2,1.78
Donna Brown,1,3,2.14
Sarah Thompson,1,3,1.99
Brittany Harris,2,1,1.78
Chelsea Miller,1,1,1.5
Ariel Chavez,2,1,1.62
Savannah Lang,1,2,1.94
Charles Martinez,1,3,1.88
Nathaniel Watson,1,3,2.07
Joseph Martin,3,1,1.66
Laura Grant,4,1,1.82
Michelle Chen,2,2,1.66
Michael Mendoza,1,2,1.98
Kenneth Rodgers,1,3,1.82
Adrian Scott,1,1,1.81
Cesar Holland,2,3,1.95
Virginia Strickland,2,2,1.77
Neil Lopez,2,1,1.58
James Wells,3,3,1.96
Mitchell Flowers,1,1,1.5
Jesus Hamilton,1,2,1.66
Brandon Lopez,1,3,1.87
Kimberly Jacobs MD,1,1,1.72
Audrey Howe,4,2,1.85
Victor Blake,1,2,1.9
Teresa Johnson,1,1,1.9
Joshua Hernandez,3,2,1.89
John Cabrera,1,1,1.81
Jeffery Morton,1,2,1.86
Christopher Gomez,2,3,2.16
Jennifer Collins,1,2,2.17
Fred Duran,4,2,1.95
Stephen Sandoval,1,3,2.26
Eric Phillips,1,3,2.01
Ethan Mcgrath,1,3,2.27
Albert Johnson,1,2,2.11
Donald Mcclure,1,3,1.95
Keith Thornton,1,3,2.23
Daniel Wright,2,1,1.69
Richard Owen,1,1,1.56
Brianna Malone,2,3,2.21
Charles Jones,3,2,2.05
Jennifer Johnson,4,1,1.74
Edwin Morales,1,1,1.61
Christopher Beasley,2,2,1.8
Tony Perry,4,3,2.09
Jennifer Phillips,1,2,1.77
Edward Smith,1,2,1.93
Johnny Perez,1,1,1.67
Jacob Morris,2,1,1.5
Drew Smith,3,2,1.91
Kiara Martinez,3,1,1.74
Shawn Smith,1,1,1.6
James Parrish,1,1,1.83
Edward Frank,1,3,1.81
Michelle Mitchell,4,1,1.75
Ronald Walsh,1,2,2.06
Carolyn Peters,1,2,1.85
Reginald Alvarado,2,3,2.1
Ashley Adams,1,3,2.08
Samantha Howe,1,2,1.83
Brian Morgan,4,2,2.01
David Moore,2,3,2.3
Ryan Mclaughlin Jr.,4,1,1.78
Anne Jones,1,1,1.8
Alan Foster,4,2,1.96
Tracy Davis,2,3,2.11
William Nguyen,1,1,1.63
Jennifer Andrews,2,1,1.78
Robert Meyers,4,2,1.99
Denise Lee,1,2,2.03
Kevin Delgado,1,3,1.96
Mark Taylor,1,1,1.68
James Wang,1,1,1.92
Misty Todd,1,1,1.71
Miss Melissa Miller MD,1,2,2.05
John Sellers,1,3,2.06
Carrie Chambers,1,2,1.98
Cheryl Lopez MD,1,2,1.81
Brittany Pittman,1,2,1.84
Danielle Freeman,3,2,1.93
Brenda Lucero,2,3,2.15
Steven Kline,1,1,1.95
Vickie Bolton,4,3,2.05
Barbara Watson,1,3,1.97
Christine Wolfe,2,2,2.01
Joanna Smith,1,1,1.7
Walter Brown,1,3,1.81
Shawn Richard,2,1,1.89
Matthew Johnson,2,1,1.5
Ryan Richard,1,3,2.07
Troy Nelson,1,2,1.84
Mark Hunt,1,1,1.68
Jennifer Norris,3,3,1.94
Anna Reyes,1,3,2.06
Leonard Scott,1,3,2.06
James Smith DDS,4,2,2.06
Donna Lucas,4,2,1.83
Michael Williams,1,2,1.85
Jason Garcia,1,2,2.01
Kenneth Hogan,2,2,2.01
Mrs. Stephanie Armstrong,4,3,2.3
Matthew Mills,1,3,1.8
Terri Wilkins,4,3,2.08
James Carson,1,2,1.85
Olivia Jacobs,2,2,1.95
Terry Hayes,1,1,1.8
Wayne Pineda,2,3,2.06
Justin Williams,1,2,1.86
Thomas Knight,1,2,1.97
Kathryn Hood,4,1,1.67
Kristina Cruz,2,2,2.11
Michael Chen,3,2,1.94
Kenneth Simmons,3,1,1.63
Jessica Barnett,1,3,2.05
Jordan Holt,1,1,1.67
Daniel Skinner,1,1,1.66
Sara Brooks,1,1,1.65
Douglas Oliver Jr.,1,1,1.77
Brian Castro,3,1,1.75
Barbara Chambers,4,2,1.82
Sandy Williams,4,1,1.58
Deborah Malone,1,1,1.73
James Wall,1,1,1.67
Colleen Lambert,1,3,2.0
Stephanie Patterson,4,1,1.63
Nicole Barber,1,3,2.14
Courtney Frank,2,2,1.99
John Martin,1,2,1.71
James Sellers,4,1,1.92
Megan White,3,1,1.79
Susan Summers,1,2,2.03
Robert Brooks,1,3,1.99
Catherine Hansen,1,3,1.83
Erika Stone,1,2,1.7
Joann Reeves,2,3,2.05
Maureen Davis,1,1,1.61
Nancy Garcia,1,3,1.97
Ethan Garcia,2,2,2.03
Chelsea Phillips,1,3,2.09
Bobby Vargas,1,1,1.54
Tyler Wall,2,1,1.62
Matthew Wheeler,1,2,1.92
Gabriel Maldonado,2,2,1.58
Michelle Hale,1,2,1.82
Leslie Goodman,2,3,1.89
Johnny Jones,4,1,1.76
Kimberly Fernandez,3,1,1.7
Rodney Hart,1,2,1.92
Michael Hernandez,1,3,2.01
Terry Lewis,2,2,1.77
Frank Evans,4,3,2.26
Kristina Smith,1,1,1.98
Michael Wiley,1,1,1.77
Heather Long,1,2,2.02
Daniel Garcia,1,1,1.52
James Mckinney,2,1,1.61
Robert Lowe,1,2,1.74
Donald Elliott,1,3,1.84
Cathy Fischer,1,2,2.14
Evan Smith,1,1,1.61
Brett Murillo,1,3,2.17
Jordan Miller,1,3,2.02
Elizabeth Banks,2,2,1.98
Susan Martin,1,2,1.92
Hannah Wallace,1,3,1.97
Heather Bell,3,3,1.94
Russell Meyers,4,2,1.81
Roy Lara,3,1,1.64
Emma Wilson,1,2,2.03
Jason Campbell,1,3,2.04
Shannon Flores,1,3,2.04
Julie Levy,3,3,1.86
Jason Kidd,1,3,2.07
Ashlee Baker,4,2,1.82
Penny Hubbard,1,2,1.84
Janet Luna,1,1,1.73
Isaac Hoffman,1,2,1.9
Christina Campbell,2,3,1.9
Timothy Kelley,1,1,1.75
Lawrence Hicks,2,3,1.98
Roberto Chambers,1,3,1.82
Regina Garcia,1,3,1.98
Ariel Mendez DVM,1,2,1.86
Shawn Solis,1,2,1.9
Rebecca Gonzales,4,3,2.02
Kevin Mccoy,2,2,2.01
Robert Weber,2,3,2.07
Helen Adams PhD,2,1,1.86
Joseph Strickland,4,1,1.57
Donald Bryant,1,2,1.87
Kimberly Lee,3,2,2.01
Donna Williams,1,2,1.92
Bianca Reynolds,1,1,1.74
Christopher Elliott,2,1,1.7
Cynthia Simon,1,3,1.94
Beverly White,3,1,1.77
Sherri Smith,1,2,1.68
Dwayne Young,4,2,1.94
Eric Paul,1,3,2.07
Todd Jackson,2,3,2.17
Connor Holland,1,1,1.67
Cody Khan,1,2,1.93
Catherine Young,1,3,1.98
Cynthia Hunt,1,2,1.81
Michael Mitchell,1,1,1.65
Kara Wilkins,3,3,2.15
John Johnson,4,2,1.78
Robert Turner,2,3,1.77
Adam Kidd,4,3,2.1
Tyler Perez,1,1,1.62
Katherine Warren,1,3,2.0
Kristi Williams,4,2,1.91
Ryan Hayes,1,3,1.81
Brian Brandt,2,2,2.03
Joseph Peterson,3,1,1.97
Brandon Davis,1,1,1.71
Alexis Smith,1,1,1.81
Shawn Green,1,3,2.02
Michelle Harris,1,3,1.86
Michael Kim,1,3,2.1
Jonathan Gates,1,1,1.6
David Weber,4,3,2.09
Jessica Holland,1,3,2.02
Steven Brooks,2,1,1.51
Margaret Wang,2,2,2.03
Barbara Williams,1,2,1.94
Miss Jennifer Nolan,1,2,1.95
Richard Holmes,1,1,1.59
Adriana Hutchinson,4,2,1.75
Brooke Adams,1,3,1.88
Brenda Green,1,1,1.83
Jennifer Davis,1,1,1.8
Tammie Ward,1,2,2.11
Valerie Middleton,1,2,1.81
Cory Brown,2,2,1.96
Tara Vincent,2,3,2.07
Erika Petty,2,3,2.14
Chelsea Graves,2,3,1.99
Julie Ashley,2,2,2.03
Joseph Gilbert,1,1,1.78
Gabrielle Ayala,1,2,2.07
Mrs. Sarah Smith MD,1,1,1.58
Lisa Martinez,4,2,2.06
Linda Morrison,1,2,1.58
David Taylor,3,3,1.96
Jennifer Haynes,3,2,1.87
Margaret Chavez,1,2,1.81
Darrell Jimenez,1,2,2.06
Joseph Mason,4,3,1.97
Katherine Silva,1,3,2.1
Tina Caldwell,1,3,2.0
Sean Mcgee,1,1,1.7
Vernon Duarte,1,1,1.69
Erik Odonnell,1,1,1.76
Jay Mitchell,3,2,1.95
Nathaniel Jones,3,1,1.76
Gabrielle Harris,1,1,1.78
Sherry Jacobson,1,3,1.84
Stephanie Luna,1,3,2.14
Sandra Adams,1,1,1.71
Samantha Soto,1,3,1.82
Stephanie Johns,1,2,1.85
Christopher Anderson,1,1,1.84
Melissa Moore,1,3,2.0
Jared Clark,1,1,1.83
Aaron Combs,2,3,2.05
Stephanie Williams,3,3,1.96
Amanda Johnson,1,1,1.83
Cassandra Taylor,4,2,1.68
Christopher Adams,1,3,1.95
Olivia Howell,3,1,1.93
Brandon Jones,1,2,1.78
Steven Morales,1,2,2.03
Brandon Davis,4,3,2.0
Patrick Lee,1,2,1.89
Jacob Williams,3,1,1.69
Erin Morgan,1,3,1.98
Derek Gonzales,1,1,1.72
Justin Ross,1,3,1.79
Kimberly Williams,1,3,2.21
Lydia Vance,3,2,2.13
Shawn Powell,1,3,2.0
Joyce White,1,1,1.67
Kaitlyn Lynn,1,3,1.91
Mariah Rojas,1,3,1.94
Jennifer Hernandez,1,1,1.61
Mary Gordon,3,1,1.83
Jennifer Taylor,1,3,2.11
Michael Carter,2,2,1.92
Rebecca Powell,2,2,1.68
Raymond Day,1,1,1.61
Ryan Bailey,1,2,2.19
Amy Adams,3,3,1.97
Shannon Wiley,1,1,1.58
Benjamin Ross,2,3,2.18
Joseph Dunn,2,1,1.83
Jody Stewart,1,1,1.65
Brian Singh,1,1,1.74
Dakota Ramirez,2,1,1.52
Matthew Solis,3,1,1.55
Michelle Bolton,4,3,2.19
Dawn Bell,1,3,2.13
Alyssa Walker,1,1,1.7
Dustin Martin,2,2,2.04
Steven Simon,3,3,2.08
Tonya Campbell,2,1,1.5
Nicholas Miller,1,3,2.17
Brian Morgan,3,1,1.75
Melissa Matthews,1,2,1.87
Troy Coleman,1,3,1.94
Renee Braun,3,2,2.02
John Wiggins,1,1,1.69
Jeffrey Mitchell,1,1,1.75
Jose Schultz,1,3,2.13
William Henderson,2,3,2.06
Robert Morton,4,1,1.63
Janice Garcia,4,3,1.95
Caitlin Bryant,1,3,2.09
Brian Harper DDS,2,3,2.06
Joshua Spears,1,3,2.02
John Wheeler,4,3,2.22
Lorraine Graves,4,1,1.82
April Hines,3,2,1.91
Yvonne Hanna,3,1,1.66
Roy Brown,3,3,1.87
Stephanie Carr,4,1,1.66
Phillip Cummings,3,3,2.05
Valerie Mitchell,1,3,2.19
Jennifer Sanchez,1,1,1.74
Micheal Anderson,3,3,2.0
Elizabeth Johnson,2,1,1.52
Bryan Smith,1,2,1.9
Jennifer Martinez,1,1,1.78
Mr. Gary Mosley,4,1,1.87
Michael Nguyen,2,1,1.85
Darlene Morales,1,3,2.04
Christopher Goodman,1,2,1.96
Amber Bryant,1,1,1.61
Karen Henderson,4,3,2.05
Desiree Wright,2,1,1.72
Courtney Henry,1,2,1.91
Lindsay Griffith,1,2,2.14
Kristy Coleman,1,3,1.95
Jennifer Black,1,3,2.07
Maria Turner,2,1,1.88
Breanna Evans,1,1,1.69
Danielle Shepherd,2,2,1.83
Catherine Nielsen,1,1,1.76
Dr. Curtis Rivera,1,1,1.72
Laura Meyer,3,3,2.01
Toni Norris,2,3,2.04
Mr. Todd Rivera,3,3,1.77
Lisa Lynch,3,3,1.97
Tyler Miller,1,1,1.71
Austin Lowery DVM,2,3,1.94
Joseph Walters,1,1,1.55
Wendy Watkins,1,2,2.01
Linda Sutton,1,1,1.82
Stuart Stevenson,1,2,1.74
Michael Lewis,1,3,2.04
Kimberly Yates,1,1,1.9
Debra Cox,1,1,1.56
Jay Lee,2,2,2.06
Eric Thomas,1,3,2.29
Sandra Ryan,1,3,1.92
Emma Andersen,1,3,2.01
Brandon Hudson,1,3,2.01
Ryan Barker,1,2,1.89
Bonnie Hester,4,2,1.84
Sarah Mcpherson,3,3,2.01
Candice Williams,3,2,1.82
Janice Vega,1,1,1.84
Lawrence Cruz,1,3,2.08
Jonathan Lewis,2,1,1.7
Nancy Baker,1,1,1.61
Kaitlyn Hernandez,1,2,1.88
Jesse Gonzalez,2,3,1.99
Leah Moss,2,2,1.82
Christian Jones,1,3,1.96
Diana Monroe,4,1,1.87
Benjamin Jones,4,2,1.86
Elizabeth Robinson,1,2,1.96
Katherine Guerrero,2,3,2.02
David Ramirez,1,1,1.69
Tracy Harris,4,1,1.51
Kimberly Landry,1,1,1.73
Martha Smith,1,3,2.07
Jason Park,2,1,1.74
Mr. Jose Olsen DDS,1,2,1.81
Kendra Ryan,1,2,1.86
Oscar Taylor,4,3,1.9
Tammy Sexton,2,2,1.95
Matthew Baker,1,2,1.86
Ricky Thomas,1,3,1.79
Crystal Lewis,1,1,1.79
Robert Martinez,4,3,1.91
Ashley Taylor,1,1,1.64
Jessica Stewart,1,1,1.69
Joshua Russell,1,2,2.07
Amanda Liu,2,3,2.13
Cody Wilson,2,3,2.14
Julie Norman,2,1,1.69
Sarah Lewis,1,2,1.7
Robin Ryan MD,4,2,1.91
Veronica Taylor,2,1,1.72
Brenda Stephens,1,2,1.89
Wendy Brown,2,2,1.86
Eric Shelton,4,3,1.96
Jane Myers,2,2,1.85
George Smith,2,2,1.78
Jesse Thompson,1,1,1.86
John Simmons,1,2,1.82
Joshua Hernandez,1,1,1.5
Brittney Young,1,1,1.5
Abigail Thomas,1,1,1.9
Todd Allen,2,1,1.74
Samantha Lam,1,1,1.64
Renee Lewis,1,2,1.93
Jason Ramos,1,1,1.73
Adam Johnson,4,1,1.67
Michael Gray,1,1,1.72
Heather Phillips,3,3,1.8
Christina Harris,1,2,1.91
Patricia Ellison,1,2,1.88
Dawn Long,1,3,2.08
Matthew Petty,3,2,1.68
Renee Walsh,1,1,1.55
Andrea Willis,4,3,2.09
Jacob Taylor,1,1,1.5
Jessica Francis,1,1,1.61
Denise Jenkins,2,3,1.69
Margaret White,1,2,2.06
Andrew Price,4,3,2.14
Tammy Gonzales,2,2,1.95
Sharon Velez,1,2,2.07
Isaac Jenkins,1,2,1.9
Frances Wilkinson,1,1,1.61
Jamie Lewis,3,1,1.63
Kristina Jones,1,1,1.68
Casey Thomas,1,1,1.59
Jennifer Mckenzie,1,2,1.88
Michael Fleming,1,1,1.84
Craig Hodges,2,1,1.65
Michele Foley,4,3,2.02
Steven Torres,2,2,1.86
Mrs. Lauren Soto,2,1,1.53
Robert Grant,1,3,1.76
Richard Torres,1,1,1.79
Katherine Atkinson,1,3,2.07
Jessica Gonzalez,1,2,1.96
Brooke Turner,1,3,2.08
Rebekah Johnson,1,3,1.86
Allison Howell,1,3,1.88
Anna Andrews,2,2,2.13
Donald Jones,4,1,1.82
Michelle Turner,1,2,1.85
Jessica Hanson,1,3,2.09
Amanda Garrison,1,3,2.09
Michelle Mitchell,3,2,1.69
Richard Mcmahon,1,1,1.6
Anthony Jones,4,1,1.76
Brittany Campbell,1,2,1.92
Jeffrey Boyd,1,3,2.14
Amy Adams,4,3,2.13
Jasmine Williams,1,3,1.99
Dennis Lee,2,1,1.6
Dana Graham,1,3,1.84
Michael Guerrero,1,1,1.83
Kiara Bauer,2,1,1.76
Mathew Logan,1,3,1.88
Mr. Tommy Knight,1,1,1.81
Casey Horne,2,2,1.94
Jessica Bullock,3,1,1.71
Gwendolyn Fernandez,1,2,1.72
Rachael Coleman,1,1,1.61
Jessica Smith,4,1,1.71
Courtney Garcia,3,2,1.83
Allison Herrera,1,3,1.96
Antonio Harris,2,2,1.99
Shari Gross,1,3,1.96
Crystal Smith,3,3,1.74
Jennifer Houston,1,3,1.98
Michael Dixon,4,3,1.69
Mary Pope,2,2,1.78
Drew Butler,1,1,1.57
Veronica Johnson,1,3,1.91
Tara Savage,1,1,1.85
Nicole Rogers,2,3,1.97
Valerie Goodman,1,2,1.99
Alexander Diaz,1,2,2.05
Tiffany Hall,1,2,1.93
Norman Berry,2,1,1.64
Sandra Atkins,4,2,1.97
Patricia Pena,3,1,1.67
Ronald Bowen,1,1,1.61
Nicole Hill,2,1,1.71
Christopher Williams,1,1,1.54
Michael Herrera,4,2,1.87
Luis Rogers,3,2,1.88
Hunter Robertson II,1,2,2.06
Steven Holland,1,1,1.58
Natalie Fields,2,2,1.75
Penny Lewis,2,2,2.03
Sarah Fisher,1,1,1.61
Dennis Wood,1,1,1.7
Lauren Bernard,1,3,1.95
Sheila Wong,1,3,2.3
Carla Morgan,1,3,2.27
Chad Austin,1,3,2.04
Ashley Dennis,1,1,1.72
Kayla Barnes,3,1,1.89
Brooke Neal,1,2,2.05
Linda Gross,2,2,1.7
Melissa Jennings,1,3,2.07
Austin Martinez,2,3,2.13
Tammy Kidd,1,1,1.78
Kelly Flores,4,1,1.73
Melissa Roman,1,2,1.69
Stephanie Clark,2,1,1.73
David Fernandez,2,1,1.7
David Morales,1,1,1.96
Jeffrey Andrews,2,1,1.63
Dr. Cindy Jefferson,1,1,1.66
Kristen Williams,1,1,1.6
Craig Schaefer,1,2,1.94
Christian Carrillo,3,2,1.87
William Griffin,1,2,1.91
Christopher Roy,1,2,1.84
Ronald Wilkinson,2,3,2.13
Garrett Quinn,1,2,1.77
Lisa Shelton,4,3,2.06
Jeffrey Parker,3,2,1.9
Joanna Mosley,1,2,1.77
Mark Oneal,1,1,1.7
James Hansen,1,3,1.9
Jaime Cantu,2,2,1.74
Phillip Shields,3,2,1.96
Robert Smith,2,1,1.65
Danielle Hubbard,2,3,2.07
Isaac Smith,2,2,2.01
Kelly Zuniga,2,1,1.86
Stacey Wilson,1,1,1.71
Nicole Davis,1,3,2.04
Ryan Lee,2,3,2.16
Kimberly Burns,3,3,2.06
Candice Pittman,3,3,2.01
Taylor Williams,1,2,1.98
Norman Wright,1,1,1.63
William Mcpherson,1,3,2.08
Nicholas Benton,1,2,1.98
Corey Griffin,1,2,1.88
Rebekah James,1,2,1.85
Latasha Fleming,2,3,1.79
Julia Humphrey,1,1,1.75
Ronnie Richardson,2,2,1.99
Anthony Garcia,1,2,1.87
Gabrielle Taylor,2,1,1.59
Cynthia Davis,4,1,1.76
Vincent Brown,1,2,1.78
Scott Woods,2,3,2.3
Jason Montgomery,4,1,1.61
Pamela Landry,1,2,2.19
Nathan Roberts,1,2,2.04
Karen Hall,1,1,1.8
Brian Lopez,1,3,2.07
Peter Drake,1,2,1.88
Michael Butler,2,1,1.57
Jessica Chen,1,2,1.86
Sharon Wiley,3,3,1.99
William Bennett,3,3,1.98
Jesse Frank,3,2,1.93
Andrew Galloway,3,3,1.98
Rachel Clark,1,1,1.85
Sherri Barron,1,3,2.18
Edwin Walker,2,1,1.69
Kristin Mullins,2,1,1.67
Jaime Perry,1,2,1.7
Steven Hickman,1,1,1.73
Deborah Baker,1,1,1.78
Autumn Gray,1,3,1.88
Katherine Howard,4,1,1.76
Tanya Wolf,2,3,1.8
Rhonda Lamb,1,1,1.71
Caitlin Turner,4,3,1.87
David Medina,4,2,1.88
John Castro,4,2,1.98
Joan Stanley,1,2,1.8
Lauren Phillips,4,3,1.82
Brandon Juarez,1,2,2.01
Robert Owens,3,3,1.92
Michael Santos,1,1,1.7
Abigail Lang,3,3,2.21
Matthew Chaney,2,1,1.79
Anthony Ross,4,3,1.87
Leslie Taylor,2,1,1.7
Melanie Jones,1,1,1.62
Ms. Sandra Espinoza,2,3,1.92
Billy Young,1,1,1.95
Rhonda Hoover,2,3,1.99
Nicole Lamb,1,1,1.71
Jasmine Coleman,1,3,2.08
Michael Long,2,3,2.06
Vicki Vega,1,3,1.76
Ronald Clark,1,1,1.74
Joseph Rivas,1,2,1.94
Matthew Hubbard,3,2,1.94
Jennifer Smith,1,2,1.84
Matthew Gilmore,1,2,2.18
Michael Booker,3,2,1.82
Miss Rachel Galloway,1,2,1.94
John Sanchez,1,3,2.14
Jared Miller,3,1,1.87
Kevin Klein,1,3,2.06
Sabrina Hodge,1,2,1.98
Deborah Olsen,1,2,2.05
Sophia Santiago,3,3,2.02
Dean Stewart,1,3,1.94
Steve Livingston,3,3,1.84
Kathleen Jones,1,1,1.6
Shawna Stewart,1,2,1.85
Heather Russell,1,2,1.8
Kyle Friedman,1,2,1.89
Annette Smith,3,1,1.5
Erin Escobar,2,3,2.14
Deborah Ward,1,1,1.7
Kenneth Martin,1,1,1.61
Paul Ford,4,2,1.78
Amber Rodriguez,1,3,2.08
Mariah Brown,1,2,2.01
Jennifer Romero,1,2,1.81
Matthew Clarke,1,3,2.22
Kristin Perez,2,3,1.9
Megan Alvarado,1,3,2.25
John Jackson,1,2,2.08
John Warren,4,2,1.89
Michele Wolf,1,1,1.54
Lisa Woodward,1,2,1.69
Chad Holmes,1,2,1.84
Matthew Gomez,1,2,2.07
Melody Mcdonald,1,2,1.91
Sydney Webster,3,2,1.78
Scott Miranda,1,1,1.71
Charlotte Gaines,1,3,1.97
Joshua Moses,1,3,1.96
Annette Cain,1,2,2.07
Janet Hernandez,1,1,1.99
Marissa Graham,3,3,1.92
Jose Castillo,1,1,1.5
Christina Luna,3,2,2.02
Meredith Reynolds,1,2,1.89
Leah Ortiz,1,2,1.83
Maureen Lynch,1,3,1.98
Kimberly Smith,2,1,1.62
Tracy Buchanan,4,2,1.87
Mr. Andrew Richardson DDS,2,2,1.96
Natalie Harrison,4,1,1.71
Stephen Burgess,2,1,1.63
Melissa Orr,1,1,1.9
Melissa Navarro,3,1,1.5
Brenda Shaffer,1,2,1.92
Sheila Campbell,2,1,1.69
Michael Hamilton,1,3,1.98
Barbara Wilkerson,2,2,1.98
Kevin Hoffman,2,2,1.94
Mia Cortez,1,2,1.86
Jeffery Riddle,1,1,1.89
Sandra Stevens,1,3,2.04
Christina Wilson,2,3,1.69
Carrie Todd,4,2,2.03
Matthew Frank,1,3,1.92
Linda Simon,1,2,2.04
Christopher Burke,1,2,1.84
Kyle Knight MD,4,3,2.18
Samantha Mccullough,1,2,1.7
Phillip Esparza,1,2,1.84
James Garcia,1,1,1.68
Becky Davis,1,1,1.55
Sara Gutierrez,1,1,1.8
David Carr,1,3,2.16
Lacey Dennis,1,3,2.04
Rachel Johns,2,1,1.9
Samuel Torres,2,1,1.72
Anthony Richardson,4,2,1.88
Timothy Blanchard,1,2,1.84
Ruth Atkinson,3,2,1.95
Jeffery Miller,4,1,1.77
Travis Horne,2,1,1.86
Alexa Johnson,2,2,1.7
Christopher Simpson,2,2,2.13
Ashley Garcia,1,3,2.0
Jill Hopkins,2,2,1.95
Lindsey Scott,1,1,1.8
Alexis Davis,2,1,1.72
Frank Yates,1,2,2.06
David Mcdaniel,1,1,1.8
Eric Terry,1,3,2.11
Samantha Snyder,1,2,1.97
Richard Kelly,1,3,1.91
Andrew Roman,1,2,1.93
Carlos Gardner,1,1,1.81
Elizabeth Rodriguez,4,3,2.04
Michelle Schultz,1,2,1.67
Nicole Young,1,3,2.23
Darlene Patterson,1,2,1.68
Paul Farmer,1,3,2.07
Briana Lee,1,3,2.08
Laura Smith,2,3,2.0
Phillip Wise,3,2,1.8
Anna Glenn,1,1,1.67
Tanya Miller,1,3,2.17
Ryan Ramirez,1,2,1.99
Jacob Ball,1,2,1.97
Robin Keith,1,2,1.84
Mark Rodriguez,4,2,1.99
Teresa Klein,1,1,1.77
Anna Davis,2,3,1.99
Carl Smith,2,2,1.98
Tiffany Gillespie,1,1,1.77
Courtney Strickland,2,2,1.73
Robert Lowery,2,1,1.71
Deanna Hines,1,1,1.56
Christopher Bray,2,1,1.78
Sandra Newman,2,1,1.77
Debra Gonzalez,4,2,1.83
Steven Novak,4,1,1.62
Lisa Avila,1,3,2.07
Katherine Juarez,1,1,1.83
Gregory Schmidt,2,2,1.95
Daniel Rodriguez,2,3,2.02
Edward Rollins,1,2,1.98
Nicholas Taylor,1,3,2.01
Michael Fisher,3,2,1.97
Roberto Chung,1,2,2.13
Justin Miller,4,2,1.84
Andrew Farley,1,1,1.73
Cynthia Crawford,1,2,2.05
Theresa Acosta,2,2,1.99
Stacey Olsen,1,3,2.23
Christine White,3,2,1.94
Paul Gaines,1,2,1.67
Nancy Alexander,1,3,1.97
Joseph Scott,1,1,1.81
Jocelyn Long,2,3,2.19
Sharon Dorsey,4,1,1.8
Timothy Cowan,3,2,1.96
Mario Olson,2,1,1.61
Katherine Lee,1,2,1.75
Laura Rivera,1,2,1.73
Richard Klein,1,3,1.86
Maria Wilson,1,1,1.54
Danielle Wilson,1,1,1.5
Jason Hill,1,2,1.85
Dr. Amanda Russell MD,1,1,1.84
Danielle Roberts,1,1,1.93
Michele Hayes,1,1,1.69
Maria Green,2,3,2.05
Victoria Martinez,1,2,1.96
George Martinez,1,3,2.0
Erica Mcconnell,1,3,2.13
Andrew Gomez,1,1,1.78
Keith Baldwin,1,2,1.74
Jesse Smith,3,3,2.1
Dustin Glover,1,3,1.96
Anna Henson,1,3,2.21
Tyler Horton,1,2,1.8
Thomas Brennan,1,1,1.76
Joyce Peterson,2,2,1.94
Nicole Johnson,1,1,1.74
Frederick Anderson,1,3,1.98
Richard Vaughn,1,1,1.77
Sean Diaz,1,2,1.97
Dorothy Woodard,3,1,1.61
William Brown,1,1,1.85
Cesar Logan,2,1,1.9
Paula Moore,1,1,1.8
Joseph Ayers,4,2,1.75
James Williams,1,2,1.86
Tracey Evans,1,3,2.16
Adam Brown,1,1,1.63
Michelle Smith,3,1,1.8
Hunter Greene,1,1,1.75
Jeremy Lewis,1,2,2.09
Mr. Caleb Christensen,3,3,1.99
Haley Lewis,1,2,2.05
Jessica Jarvis,1,2,1.86
Paula Pierce,1,3,2.1
Tiffany Sanchez,1,3,2.3
Jennifer Jones,2,1,1.56
Melanie Kim,1,3,2.14
Tara Morris,2,2,2.15
Gina Allen,1,2,2.04
Melissa Brown,1,3,2.08
Karen Morgan,4,2,1.91
Jonathan Fowler,3,1,1.76
Roberto Lee,2,3,1.94
Aaron Gentry,1,2,2.01
Timothy Ramsey,1,3,2.17
Savannah Scott,2,1,1.77
James Ellis,2,2,1.89
Jennifer Horne,2,2,1.82
Alyssa Butler,2,1,1.65
Laura Jones,4,1,1.62
John Olson,1,2,1.87
James Clayton,1,2,1.91
Matthew Becker,2,3,1.88
Jerry Smith,1,2,1.78
Brian Ferrell,1,2,1.96
Alexandra Schmitt,1,1,1.7
Vanessa Walsh,2,1,1.67
Chase Hooper,1,3,1.89
James Snow,2,3,1.89
Michael Horne,1,1,1.77
Brittany Kelley,2,3,1.89
Rodney Ponce,1,3,1.94
Shannon Williams,1,2,1.98
Sarah Mcguire,1,2,1.78
Terri Rivers,1,1,1.93
Mary Watkins,1,2,1.87
David Miller,1,1,1.71
Thomas Whitaker,1,1,1.83
Jamie Schultz,1,1,1.72
Kelsey Young,1,3,1.92
Heather Clarke,1,3,2.13
James Evans,1,3,2.16
Angel Martin,2,1,1.77
Christopher Harrell,3,1,1.97
David Barrett,3,2,2.03
Dr. Katherine Arnold,1,2,2.02
Derek Ford,1,1,1.65
Betty Crosby,1,3,2.27
Glenda Brown,1,3,2.14
Timothy Gross,2,3,2.09
Mary Phillips,4,3,1.9
Christina Pena,2,3,2.0
Joshua Miller,1,3,2.1
Ashley Guzman,2,1,1.89
Jacqueline Vazquez MD,2,2,1.9
Brad Brown,3,1,1.54
Allison Smith,4,2,2.03
Gabriel Harris,4,1,1.78
Heather Caldwell,1,3,2.11
Wayne Williams,1,2,1.87
Lori Martinez,1,2,1.89
Derek Tran,2,1,1.66
Amy Solis,1,2,1.89
Elizabeth Ellis,1,1,1.61
Wendy Smith,1,3,2.15
Michelle Wagner,1,2,1.84
Andrew Hudson,1,3,1.95
Michael Sanchez,2,2,1.98
Andre Jacobs,1,2,1.97
Dan Rodriguez,1,2,1.9
Sheila Escobar,1,3,2.21
Dawn Robinson,1,3,2.01
Kendra Diaz,1,1,1.68
Mark Olsen,1,3,2.1
Eric Mccormick,4,3,1.95
Kristi Johnson,1,3,1.9
Dr. Judy Sellers,1,2,1.81
Casey Gallegos,1,1,1.7
Dwayne Carr,1,2,2.02
Laura Thompson,2,1,1.79
Chad Bray,1,1,1.53
Luke Hendricks,2,2,2.07
Paul Robinson PhD,1,2,2.02
Warren Collins,2,3,2.06
Laura Burns,2,1,1.64
Michael Warner,1,2,1.75
Warren Perkins,1,3,1.79
Margaret Adams,1,3,2.05
Timothy Johnson,1,2,1.96
Natasha Williams,3,1,1.7
Rachel Reed,4,1,1.74
Teresa Williams,1,3,1.96
William Taylor,3,1,1.79
Tammy Harper,1,2,1.77
Lynn Adams,1,3,2.23
Daniel Houston DVM,3,2,1.87
Rebecca Duncan,1,1,1.9
April Johns,2,3,1.98
John Cox,1,3,2.17
Melissa Hamilton,1,2,2.05
Carol Cole,3,1,1.61
Johnny Winters,4,1,1.74
Taylor Hoffman,1,2,2.05
Andrew Nichols,2,1,1.63
Jacqueline Young,1,1,1.72
Ronald Curtis,1,2,1.9
Helen Brewer,2,3,1.86
Michelle Ward,1,1,1.71
Jonathan Evans,1,3,1.99
Justin Nunez,3,1,1.73
Danny Suarez,1,1,1.81
Maureen Aguirre,2,1,1.5
Tom Stewart,1,3,1.96
Christopher Reyes,2,3,2.27
Jennifer Brown,1,1,1.68
Amanda Smith,1,3,1.99
Laura Chambers,1,2,1.76
Lisa Case,1,1,1.67
Nancy Marshall,2,3,2.14
Anita Graham,1,2,1.7
Joseph Smith,4,2,1.83
Brittany Nielsen,2,3,2.16
Michelle Ramirez,4,1,1.51
Michael Poole,2,3,2.21
Cassandra Bruce,2,1,1.67
Stacy French,1,2,1.98
Bethany Hernandez,1,1,1.56
Victor Daugherty,4,1,1.94
Andrew Bell,2,2,1.89
Amanda Miller,2,1,1.69
Rhonda Lawrence,1,3,2.14
Molly Frazier,1,2,1.93
Emily Martin,2,3,2.0
Thomas Rios,2,1,1.59
Kimberly Carter,4,2,1.87
Crystal Smith,2,2,1.97
Jeffery Sullivan,2,3,1.9
Michele Johnson,2,1,1.82
Tara Williams,2,1,1.73
Brandi Wallace,1,2,1.86
Gregory Thomas,1,2,1.62
Christopher Johnson,4,3,1.95
Katherine Bass,1,2,1.83
Veronica Armstrong,1,2,1.93
William Parrish,3,2,1.96
Christopher King,1,1,1.64
Connie Cohen,1,1,1.66
Teresa Martinez,1,1,1.8
Michael Cooper,2,1,1.63
Victor Turner,2,2,1.69
Steven Smith,1,3,2.15
Norma Murphy MD,4,3,2.13
Michael Avery,3,1,1.63
Benjamin Gonzalez,1,3,2.02
Traci Rhodes,1,2,1.88
Sara Gross,1,1,1.61
James Garza,1,1,1.89
Brenda Moore,1,2,2.01
Christina Clarke,1,1,1.73
Matthew Lopez,1,3,2.1
Carrie Collins,3,1,1.63
Philip Aguilar,2,1,1.62
Michelle Romero,1,2,1.97
Caleb Reed,1,1,1.88
Dwayne Greene,3,3,2.3
Edward Brown,3,3,1.96
Erica Richardson,1,1,1.73
Daniel Clark,2,3,1.95
Julie Lopez,2,1,1.7
Stephen Gonzalez,1,2,2.09
Dana Miller,4,3,2.02
Andrea Hill,4,1,1.7
Kathy Price,1,2,1.94
Christopher Edwards,1,3,1.89
Jeremy Taylor,4,3,2.13
Kimberly Brooks,4,3,2.24
Dr. Jasmine Grant,1,1,1.6
Nicole Burgess,1,3,1.95
Derrick Miller,4,1,1.5
Joseph Mitchell,1,2,1.78
Donna Hughes,1,2,1.83
Margaret Yoder,2,3,2.02
John Hernandez,1,3,1.72
Jason Smith DDS,1,3,1.89
Joseph Black,2,2,1.72
Amy Moore,1,2,1.98
Michael Cook,1,2,1.83
Joseph Wilson,1,1,1.67
Dana Washington,1,2,1.97
Alexandra Brown,3,2,2.05
Dana Johnson DVM,3,2,2.03
Lisa Lyons,1,1,1.78
Elizabeth Bentley,1,3,2.14
Kevin Kennedy,2,1,1.87
Mrs. Tammy Baldwin,1,3,1.89
Rachel Henry,1,3,2.09
Mr. Nicholas Weaver,1,2,2.09
Kristin Caldwell,2,1,1.7
Christopher Lee,4,3,2.07
Brandon Nelson,4,2,1.64
Sharon Mooney,1,3,1.86
Michael Guerrero,1,3,1.9
Danielle Hale,2,2,1.98
Wesley Martinez,2,3,2.1
Kathy Thompson,1,3,2.02
Stephanie Garrison,1,1,1.71
Michael Hanson,1,1,1.76
Brandon Ayers,1,2,1.94
Vanessa Taylor,1,2,1.88
William Barnett,3,2,2.02
Heidi Mcdonald,4,3,2.07
Amber Dixon,3,3,2.01
Craig Roberson,2,2,1.85
Vickie Edwards,1,2,1.65
Charlotte Perry,1,2,1.91
George Escobar,2,1,1.54
Matthew Moore,1,2,1.84
Lindsay Williams,3,3,1.95
Megan Rogers,1,2,1.72
Stanley Nichols,2,2,1.88
Michael Smith,3,1,1.83
Madison Garcia,1,1,1.74
Laura Henderson,1,1,1.82
Timothy Brock,2,2,2.01
Peter Spence,1,1,1.59
Robert Walker,3,3,2.07
Katherine Smith,2,1,1.55
Daniel Brown,1,3,2.05
Rodney Davis,4,3,2.09
Darryl Gomez MD,4,3,1.96
Alexander Scott,2,1,1.62
Catherine Small,1,2,1.74
Jordan Pineda,1,2,1.89
Janice Oconnor,4,1,1.61
Erica Hoffman,3,2,1.85
Ian Lindsey,1,2,1.72
Bridget Jones,2,2,2.11
Christopher Patterson,1,2,1.85
Tiffany Butler,1,1,1.78
Christina Mcdonald,1,1,1.72
Chad Miller,4,2,1.67
Terry Harper,2,3,1.97
Ann Jones,1,3,2.09
Zachary Clark,3,1,1.68
Scott Keller,2,3,2.16
Elizabeth Stein,1,2,1.94
Jason Tanner,4,1,1.67
Jorge Jones,1,1,1.66
Amy Spencer,4,1,1.75
Sharon Moreno,2,2,2.04
Ryan Lopez,1,1,1.74
Rebekah Good,1,2,1.78
Tina Perry,4,1,1.8
Mark Zuniga,4,1,1.61
Todd Torres,1,1,1.66
Bryan Garcia,4,3,1.83
Erica Wood,2,3,1.84
William Carey,4,1,1.72
Anthony Mora,2,3,1.89
Tara Santos,3,1,1.67
Ryan Aguilar,1,3,1.88
James Miller,1,1,1.8
Erin Snow,4,3,1.99
Judy Black,3,2,1.77
Allison Huang,1,1,1.78
Leslie Miles,2,2,1.7
Shawn Murray,3,3,2.05
Molly Miller,2,1,1.75
Elizabeth Brown,1,3,1.88
Lisa Griffith,3,1,1.53
Cheryl Thompson,1,1,1.66
Brian Turner,1,3,1.97
Christopher Pittman,2,3,2.06
Kevin Newman,1,3,2.16
Ricardo Green,1,2,2.02
Bryan Rivers,1,3,2.14
Ian Brown,2,3,2.19
Gary Pena,3,1,1.79
Dawn Roberts,1,1,1.62
Nicholas Bush,1,1,1.59
Sandra Stevens,3,3,2.01
Timothy Salinas,4,2,1.84
Scott Medina,1,3,2.15
Gregory Davis,1,3,1.84
Bryce Francis,1,1,1.67
Cathy Lopez,1,3,2.24
Tiffany Nelson,2,2,1.84
Marissa Parrish,1,1,1.58
Veronica Beasley,3,1,1.5
Tara Lamb,1,1,1.71
Derek Vincent,3,3,2.17
Justin Roberts,2,3,1.89
Connie Chan,4,3,2.08
Mark Chandler,4,2,1.98
Cody Carter,1,1,1.67
Amanda Johnson,2,1,1.76
David Burgess,1,1,1.67
David Good,3,3,2.0
Seth Wang,2,1,1.76
Brooke Hopkins,2,2,1.76
Kayla Allen,2,3,1.94
Brittney Meyer,2,2,1.7
Bryce Ryan,1,3,1.77
Zoe Orozco,2,1,1.76
Wendy Andersen,2,2,1.92
Shelly Crosby,1,3,1.98
John Martinez,1,3,1.86
Joseph Watkins,1,2,1.92
Jennifer Gibson,1,3,1.95
Ronald Mcclure,3,3,2.08
Eric Campbell,1,1,1.88
Mary Mckenzie,1,1,1.74
Crystal Strong,1,1,1.84
Eddie Horton,3,1,1.52
Ana Hernandez,4,3,1.87
Robert Henderson,3,1,1.8
Thomas Bailey,2,2,1.76
David Harris,1,1,1.72
Caitlin Barker,1,1,1.64
Michael Garcia,1,3,2.13
Desiree Myers,1,1,1.72
Renee Ho,1,1,1.66
Jimmy Harris,2,2,1.94
Alyssa Robinson,1,1,1.74
William Walker,2,1,1.8
James Ruiz,1,2,2.04
Ms. Catherine Lewis,4,1,1.71
Megan Pennington,2,2,2.06
Christopher Mendoza,1,1,1.65
Emily George,1,2,1.8
Wendy Green,3,1,1.79
Emily Barnes,1,1,1.91
Pam Bell,1,1,1.75
Stephen Reynolds,4,1,1.56
Jason Baker,1,1,1.72
Laura Walker,1,2,1.98
Crystal Gonzalez,4,2,1.81
Maureen Lucero,2,2,1.72
Robert Browning,1,3,1.89
Rita Lawson,2,2,2.19
Mary Miller,2,1,1.87
Katherine Thompson,1,1,1.72
Kathleen Odonnell,1,2,1.86
Nathan Craig,1,2,1.95
David Gomez,1,2,1.62
Steven Ramirez,1,3,1.87
James Black,2,2,1.77
Teresa Lane,1,1,1.72
Travis Adkins,1,2,1.73
Austin Martinez,1,3,2.14
Megan Rich DDS,1,3,2.16
Donna Lewis,1,3,1.84
Emily Barber,1,3,1.95
Alisha Hall,1,1,1.84
Colleen Johnson,3,3,2.05
Dawn Brown,1,1,1.79
Oscar Pitts,1,3,2.18
John Allen,2,3,2.1
Stephanie Brown,2,3,2.25
Veronica Gross,1,1,1.69
Christopher Baxter,1,1,1.89
Angela Torres,2,2,1.89
Terry Bond,3,3,2.15
Julie Robertson,1,1,1.73
Alison Webster,1,3,2.08
Sherry Phillips,2,3,2.09
Erin Rodriguez,1,2,2.01
Richard Smith,1,2,2.02
Sarah Mccarthy,2,2,1.84
Theresa Frederick,2,3,2.05
Kendra Davis,1,3,2.3
Michelle Glover,1,1,1.68
Jenna Phillips,4,2,1.86
Gina Martin,1,2,1.94
Evan Watson,1,1,1.84
Ricardo Graham,3,2,1.9
Maria Steele,1,3,1.73
Patrick Dickerson,1,2,1.85
Kelly Taylor,1,2,1.83
Ashlee Duke,1,3,2.17
Zachary Villanueva MD,1,3,1.89
Thomas Thompson,2,2,2.01
Terry Rodriguez,1,2,1.73
Juan Larsen,1,1,1.7
Tina Martin,3,2,1.7
Angela Quinn DVM,2,1,1.75
Cassidy Johnson,2,3,2.16
Stephen Baldwin,1,1,1.86
Bryan Coffey,1,1,1.64
Shelia Robertson,2,3,2.25
Marcus Bell,1,3,2.1
Jack Rivera,1,1,1.79
Jason Mitchell,3,1,1.84
Dawn Allen,1,1,1.79
Faith Garner,2,2,1.86
Brian Johnson,3,2,1.92
Alicia Coleman,2,1,1.94
Shawn Powers,3,1,1.55
Erin Ross,1,3,1.92
Mark Anderson,1,3,2.24
Rebecca Petty,2,2,1.8
Katherine Wise,1,2,1.91
Cheyenne Rangel,1,1,1.91
Caitlin Fisher,2,3,1.98
Lauren Garcia,1,3,1.92
Mallory Castaneda,1,3,2.08
Jay Reeves,1,3,1.94
Summer Perez,1,1,1.67
Mr. Larry Kim,1,3,2.25
Daniel Rodriguez,3,1,1.82
Marc Hubbard,1,1,1.59
Christine Richards,4,2,1.87
Nicole Peterson,1,3,2.08
Robin Navarro,4,1,1.87
Sarah Medina,1,2,1.83
Eric Baker,1,1,1.63
Brent Perry,2,2,1.98
John Nash,1,2,2.06
Ashley Casey,1,1,1.71
Lori Jones,1,2,2.02
Kayla Perez,2,3,1.97
James Owens,4,1,1.67
Amy Quinn,1,2,2.05
Jordan Everett,2,2,2.15
Steven Reyes,1,2,2.1
Victoria Bridges,4,1,1.83
Jennifer Vaughan,1,2,2.05
Samantha Adams,2,3,2.13
Matthew Stewart,2,2,1.86
Debbie Whitney,4,1,1.8
Kimberly Anderson,1,3,1.91
Jimmy Stewart,2,1,1.8
Brenda Stafford,1,2,1.83
Autumn Moore,2,2,1.74
Mary Kaiser,1,1,1.82
Nicole Parrish,1,1,1.8
Carl Pearson,2,3,1.91
Laurie Garcia,1,2,1.74
John Bell,1,2,1.83
Drew Stevenson,1,2,1.84
Tricia Key,1,3,1.88
Carla Ramirez,4,2,2.07
Stephen Cabrera,1,2,1.8
Megan Washington,1,3,1.71
Timothy Martin,1,3,1.97
Christine Reyes,2,1,1.64
Shane Abbott,2,2,1.77
Jeffrey Mcfarland,3,1,1.67
Mario Johnson,1,2,1.87
Paige Fisher,2,3,1.82
Peter Bell,1,3,2.3
Patricia Cole,4,2,1.93
Steven Wallace,2,3,1.96
Erica Pena,1,2,1.75
Henry Perez,4,1,1.75
Cheryl Brown,1,3,1.94
John Lewis,1,1,1.64
Teresa Jennings,1,3,2.14
Jessica Ellis,2,3,2.17
